file,H,W,low_l_p50,nor_l_p50,exposure_ratio_med,mae_rgb
0001.jpg,4032,3024,0.008737255819141865,0.541266679763794,61.942301869682375,0.4165974259376526
0002.jpg,4032,3024,0.042007844895124435,0.6006156802177429,14.297386222286983,0.4297941327095032
0003.jpg,4032,3024,0.016901960596442223,0.3674353063106537,21.737985142555,0.26949214935302734
0004.jpg,4032,3024,0.10874117910861969,0.4354470670223236,4.004408138514182,0.21037393808364868
0005.jpg,4032,3024,0.13259217143058777,0.5973294377326965,4.504986427942843,0.33878880739212036
0006.jpg,4032,3024,0.3101607859134674,0.49863532185554504,1.6076652395684248,0.16611237823963165
0007.jpg,4032,3024,0.2631019651889801,0.5128862857818604,1.9493785842111915,0.21655002236366272
0008.jpg,4032,3024,0.12875686585903168,0.6107019782066345,4.743034331395739,0.3516072630882263
0009.jpg,4032,3024,0.22686275839805603,0.5675333738327026,2.5016528767759576,0.3087482154369354
0010.jpg,4032,3024,0.11389803886413574,0.5261490941047668,4.619442792071179,0.23670318722724915
0011.jpg,4032,3024,0.01265882421284914,0.4233882427215576,33.44353251697105,0.35436585545539856
0012.jpg,4032,3024,0.1557764858007431,0.4655059278011322,2.988281171751403,0.20146314799785614
0013.jpg,4032,3024,0.1221686378121376,0.5568000078201294,4.557605455754334,0.2908146381378174
0014.jpg,4032,3024,0.09539999812841415,0.6166157722473145,6.463420554754782,0.4058745503425598
0015.jpg,4032,3024,0.1573372632265091,0.5536627769470215,3.518939167073109,0.27376845479011536
0016.jpg,4032,3024,0.019929414615035057,0.6122745871543884,30.720664822120735,0.43109771609306335
0017.jpg,4032,3024,0.014556863345205784,0.43510979413986206,29.888369180437,0.3429565727710724
0018.jpg,4032,3024,0.22246667742729187,0.5803922414779663,2.608887943587462,0.32576507329940796
0019.jpg,4032,3024,0.15321962535381317,0.6629412174224854,4.326716562418643,0.37539783120155334
0020.jpg,4032,3024,0.0907960757613182,0.5803922414779663,6.3922019141196635,0.4328680634498596
0021.jpg,4032,3024,0.03024313785135746,0.5562000274658203,18.390374696723455,0.4640168249607086
0022.jpg,4032,3024,0.015450980514287949,0.3375764787197113,21.846874477194962,0.3262079954147339
0023.jpg,4032,3024,0.028666667640209198,0.37534117698669434,13.092874582522379,0.3264296352863312
0024.jpg,4032,3024,0.007564706262201071,0.5025568604469299,66.42576952237135,0.4774087369441986
0025.jpg,4032,3024,0.14541961252689362,0.67413729429245,4.635782249698454,0.464720219373703
0026.jpg,4032,3024,0.057694122195243835,0.6155451536178589,10.668946181183445,0.47853755950927734
0027.jpg,4032,3024,0.1017686277627945,0.6276470422744751,6.167341436458846,0.37175074219703674
0028.jpg,4032,3024,0.01265882421284914,0.5573804378509521,44.02758114802539,0.4222690165042877
0029.jpg,4032,3024,0.015450980514287949,0.5480941534042358,35.47086749801619,0.4790806472301483
0030.jpg,4032,3024,0.010635294951498508,0.5373451113700867,50.520046108196915,0.4816191494464874
0031.jpg,4032,3024,0.01185098011046648,0.5998274683952332,50.60997932873047,0.45160233974456787
0032.jpg,4032,3024,0.000894117692951113,0.5029764771461487,561.9121162580113,0.4652092754840851
0033.jpg,4032,3024,0.0311372559517622,0.4992784261703491,16.034277158740277,0.37330055236816406
0034.jpg,4032,3024,0.02442353032529354,0.5930196642875671,24.279716186535925,0.36652520298957825
0035.jpg,4032,3024,0.08282745629549026,0.477117657661438,5.760322949389743,0.34893423318862915
0036.jpg,4032,3024,0.01265882421284914,0.2628980576992035,20.766406648235527,0.28099575638771057
0037.jpg,4032,3024,0.010635294951498508,0.4929686486721039,46.34787310055286,0.4103122651576996
0038.jpg,4032,3024,0.10849020630121231,0.45842355489730835,4.2254535692464295,0.3372214436531067
0039.jpg,4032,3024,0.07393725216388702,0.5806823968887329,7.853626233977312,0.3681357800960541
0040.jpg,4032,3024,0.01265882421284914,0.514435350894928,40.63534708268688,0.3660837709903717
0041.jpg,4032,3024,0.01658039353787899,0.5692862868309021,34.33289762590862,0.4866916239261627
0042.jpg,4032,3024,0.02240000106394291,0.3874196410179138,17.294791420795637,0.2791205048561096
0043.jpg,4032,3024,0.15750589966773987,0.6276039481163025,3.9846187655285736,0.32719942927360535
0044.jpg,4032,3024,0.01265882421284914,0.4954235553741455,39.13360462551386,0.47169551253318787
0045.jpg,4032,3024,0.01265882421284914,0.7959333658218384,62.870886075495555,0.5969752073287964
0046.jpg,4032,3024,0.05579607933759689,0.5812784433364868,10.41773960639571,0.4324246644973755
0047.jpg,4032,3024,0.07123137265443802,0.6506823897361755,9.134658379172153,0.4578586518764496
0048.jpg,4032,3024,0.020823530852794647,0.5679647326469421,27.27387890088872,0.5099676847457886
0049.jpg,4032,3024,0.015172549523413181,0.3725568652153015,24.55311228532487,0.34467801451683044
0050.jpg,4032,3024,0.015450980514287949,0.3724745213985443,24.105357954220054,0.34053704142570496
0051.jpg,4032,3024,0.011529413051903248,0.39282354712486267,34.068558112930894,0.3425086438655853
0052.jpg,4032,3024,0.0076078432612121105,0.3135843276977539,41.213272100942035,0.32487621903419495
0053.jpg,4032,3024,0.0,0.31831374764442444,318314.74764442444,0.3554823398590088
0054.jpg,4032,3024,0.008737255819141865,0.29462355375289917,33.7166317684932,0.32985058426856995
0055.jpg,4032,3024,0.008737255819141865,0.6476392149925232,74.1155018114501,0.5356512069702148
0056.jpg,4032,3024,0.01265882421284914,0.7264196276664734,57.37999323317538,0.5866186022758484
0057.jpg,4032,3024,0.02240000106394291,0.5346705913543701,23.868200792820282,0.44056013226509094
0058.jpg,4032,3024,0.24943137168884277,0.7105686664581299,2.84874678313422,0.40022748708724976
0059.jpg,4032,3024,0.01265882421284914,0.6339804530143738,50.07821928292746,0.5476900339126587
0060.jpg,4032,3024,0.008737255819141865,0.5805882811546326,66.44223895148552,0.5230395793914795
0061.jpg,4032,3024,0.2629411816596985,0.7535764575004578,2.865943580234467,0.4044041931629181
0062.jpg,4032,3024,0.02240000106394291,0.6320392489433289,28.214821611730255,0.5490270853042603
0063.jpg,4032,3024,0.0,0.4854353070259094,485436.3070259094,0.44870418310165405
0064.jpg,4032,3024,0.014556863345205784,0.5612509846687317,38.55318403257055,0.4693619906902313
0065.jpg,4032,3024,0.007843137718737125,0.41989806294441223,53.530302246148516,0.38234755396842957
0066.jpg,4032,3024,0.034164708107709885,0.6365098357200623,18.630108110548022,0.4962839186191559
0067.jpg,4032,3024,0.01265882421284914,0.4931921660900116,38.95734710039996,0.42780596017837524
0068.jpg,4032,3024,0.06726667284965515,0.6342941522598267,9.429420186387173,0.45581570267677307
0069.jpg,4032,3024,0.0067137256264686584,0.6164628267288208,91.8077462910462,0.47736987471580505
0070.jpg,4032,3024,0.1533176600933075,0.7498823404312134,4.891011570117071,0.42918556928634644
0071.jpg,4032,3024,0.03258823603391647,0.5840902328491211,17.922826795977727,0.4364958107471466
0072.jpg,4032,3024,0.09836078435182571,0.6977176666259766,7.093391719393163,0.4971398413181305
0073.jpg,4032,3024,0.014792158268392086,0.6984941363334656,47.2174449607499,0.594916820526123
0074.jpg,4032,3024,0.015450980514287949,0.6402706503868103,41.43621911733398,0.5245320796966553
0075.jpg,4032,3024,0.01265882421284914,0.690984308719635,54.580956030836255,0.5990340709686279
0076.jpg,4032,3024,0.018478430807590485,0.5807254910469055,31.425561592966936,0.45353037118911743
0077.jpg,4032,3024,0.020501961931586266,0.7071333527565002,34.48937549199219,0.6114910840988159
0078.jpg,4032,3024,0.008737255819141865,0.5812236070632935,66.51494521253011,0.5037501454353333
0079.jpg,4032,3024,0.01658039353787899,0.5571529865264893,33.60115573240038,0.3858650028705597
0080.jpg,4032,3024,0.03024313785135746,0.6351098418235779,20.999469217637888,0.5215954184532166
0081.jpg,4032,3024,0.06609412282705307,0.571066677570343,8.640087999603537,0.4088328778743744
0082.jpg,4032,3024,0.191972553730011,0.7217294573783875,3.759530640316319,0.42401057481765747
0083.jpg,4032,3024,0.007564706262201071,0.7435490489006042,98.27900041737614,0.6458410620689392
0084.jpg,4032,3024,0.031650982797145844,0.6239294409751892,19.712207130083836,0.48348087072372437
0085.jpg,4032,3024,0.034164708107709885,0.6769882440567017,19.81487525218104,0.5230161547660828
0086.jpg,4032,3024,0.01265882421284914,0.5614941716194153,44.3525251361329,0.476779580116272
0087.jpg,4032,3024,0.003921568859368563,0.4974941313266754,126.8289096158174,0.39883407950401306
0088.jpg,4032,3024,0.008737255819141865,0.3732157051563263,42.710663647402555,0.34603816270828247
0089.jpg,4032,3024,0.08122353255748749,0.6786783933639526,8.355596172666312,0.4691219627857208
0090.jpg,4032,3024,0.057694122195243835,0.5494078993797302,9.522623030773673,0.3862448036670685
0091.jpg,4032,3024,0.04313725605607033,0.5281294584274292,12.24274012702263,0.36298078298568726
0092.jpg,4032,3024,0.10294117778539658,0.5372549295425415,5.219006835687489,0.3030271530151367
0093.jpg,4032,3024,0.042901962995529175,0.5962314009666443,13.897231317771139,0.4142942428588867
0094.jpg,4032,3024,0.2577686309814453,0.5838941335678101,2.265182020646334,0.30404388904571533
0095.jpg,4032,3024,0.05372157320380211,0.3969411849975586,7.38874110686615,0.26541081070899963
0096.jpg,4032,3024,0.1330980509519577,0.5496941208839417,4.129970251120385,0.26925843954086304
0097.jpg,4032,3024,0.09723137319087982,0.5002902150154114,5.14531527512215,0.3398393988609314
0098.jpg,4032,3024,0.08990588784217834,0.5149412155151367,5.727505732587042,0.34683021903038025
0099.jpg,4032,3024,0.13399216532707214,0.44657257199287415,3.3328085869365447,0.21860361099243164
0100.jpg,4032,3024,0.01100000087171793,0.38495689630508423,34.99298843751193,0.292961061000824
0101.jpg,4032,3024,0.1731647104024887,0.5394215881824493,3.1150658345042475,0.25656864047050476
0102.jpg,4032,3024,0.07338039577007294,0.6465647220611572,8.811030579018306,0.46672677993774414
0103.jpg,4032,3024,0.020501961931586266,0.5142313838005066,25.080882728865394,0.3602927029132843
0104.jpg,4032,3024,0.2890353202819824,0.7169451117515564,2.480470658677454,0.35322627425193787
0105.jpg,4032,3024,0.05827843025326729,0.5613569021224976,9.632178964052699,0.34995898604393005
0106.jpg,4032,3024,0.28161177039146423,0.6283333897590637,2.2311999164158247,0.2615341544151306
0107.jpg,4032,3024,0.2001529484987259,0.588533341884613,2.9404083521657802,0.35473814606666565
0108.jpg,4032,3024,0.23005883395671844,0.5731098651885986,2.4911383066390416,0.29319456219673157
0109.jpg,4032,3024,0.01265882421284914,0.5915020108222961,46.72284550538607,0.44282713532447815
0110.jpg,4032,3024,0.0947333350777626,0.5332667231559753,5.629086040644535,0.32106727361679077
0111.jpg,4032,3024,0.15270589292049408,0.5053725838661194,3.3094353123224054,0.27393999695777893
0112.jpg,4032,3024,0.1730235368013382,0.6085843443870544,3.517335492629087,0.32810521125793457
0113.jpg,4032,3024,0.19305098056793213,0.6592353582382202,3.4148127167555513,0.3891388773918152
0114.jpg,4032,3024,0.12576863169670105,0.5174196362495422,4.114034757590169,0.2655937373638153
0115.jpg,4032,3024,0.10182353854179382,0.5500353574752808,5.401805550530619,0.37946704030036926
0116.jpg,4032,3024,0.24010981619358063,0.6869843602180481,2.8611179250841876,0.3580010235309601
0117.jpg,4032,3024,0.054901961237192154,0.6043098568916321,11.006890034234841,0.41975077986717224
0118.jpg,4032,3024,0.09298823773860931,0.4788196384906769,5.149204898707,0.22091630101203918
0119.jpg,4032,3024,0.2351960986852646,0.5887804627418518,2.503353425841982,0.26779961585998535
0120.jpg,4032,3024,0.11750588566064835,0.46590590476989746,3.9649327964950407,0.2764113247394562
0121.jpg,4032,3024,0.16064314544200897,0.5169607996940613,3.218055648848278,0.3202289938926697
0122.jpg,4032,3024,0.1880509853363037,0.5492196083068848,2.9205786225797263,0.28440600633621216
0123.jpg,4032,3024,0.07579215615987778,0.5992470979690552,7.906361581050981,0.32553666830062866
0124.jpg,4032,3024,0.21201568841934204,0.5530275106430054,2.6084197181175917,0.29325956106185913
0125.jpg,4032,3024,0.010635294951498508,0.4979333281517029,46.814640852127816,0.46116122603416443
0126.jpg,4032,3024,0.004815686494112015,0.6073294281959534,126.0888432199942,0.5214446783065796
0127.jpg,4032,3024,0.004815686494112015,0.6628156900405884,137.6084349377575,0.5468962788581848
0128.jpg,4032,3024,0.008737255819141865,0.380047082901001,43.492441829006026,0.36197003722190857
0129.jpg,4032,3024,0.01265882421284914,0.2934510111808777,23.179785615272394,0.29004353284835815
0130.jpg,4032,3024,0.003643137402832508,0.3517255187034607,96.51845685897337,0.38204875588417053
0131.jpg,4032,3024,0.07399608194828033,0.6819646954536438,9.216116061580621,0.49483928084373474
0132.jpg,4032,3024,0.09389019757509232,0.5810588598251343,6.188651064551756,0.3517780303955078
0133.jpg,4032,3024,0.000894117692951113,0.33274510502815247,371.734474302616,0.3409031331539154
0134.jpg,4032,3024,0.004815686494112015,0.5752549171447754,119.42980259312627,0.524882972240448
0135.jpg,4032,3024,0.0,0.29353728890419006,293538.28890419006,0.3137918710708618
0136.jpg,4032,3024,0.0,0.23953726887702942,239538.26887702942,0.2762453258037567
0137.jpg,4032,3024,0.0,0.33650198578834534,336502.98578834534,0.36453863978385925
0138.jpg,4032,3024,0.011529413051903248,0.24313727021217346,21.086692134766178,0.2819893956184387
0139.jpg,4032,3024,0.000894117692951113,0.28740394115448,321.0806170157745,0.3167678713798523
0140.jpg,4032,3024,0.019372548907995224,0.49427059292793274,25.512702668737834,0.4415634274482727
0141.jpg,4032,3024,0.01265882421284914,0.30143530666828156,23.810465421971465,0.3309977054595947
0142.jpg,4032,3024,0.0,0.2812235355377197,281224.5355377197,0.29105570912361145
0143.jpg,4032,3024,0.003921568859368563,0.5610432028770447,143.02979067838697,0.4353545606136322
0144.jpg,4032,3024,0.03840784728527069,0.6594510078430176,17.169273603686335,0.4988253116607666
0145.jpg,4032,3024,0.0034745100419968367,0.48284706473350525,138.92869216285945,0.4265632629394531
0146.jpg,4032,3024,0.042901962995529175,0.5290235877037048,12.330723818744952,0.3722881078720093
0147.jpg,4032,3024,0.0907568708062172,0.49473726749420166,5.451188564687114,0.2850722074508667
0148.jpg,4032,3024,0.007843137718737125,0.5880353450775146,74.96507151740653,0.5017188191413879
0149.jpg,4032,3024,0.08906666934490204,0.5239412188529968,5.882518569382389,0.4150990843772888
0150.jpg,4032,3024,0.003921568859368563,0.5381255149841309,137.18727045387192,0.4199015498161316
0151.jpg,4032,3024,0.000894117692951113,0.5396823883056641,602.9189150829789,0.4007859230041504
0152.jpg,4032,3024,0.0313725508749485,0.5531882643699646,17.63234472804547,0.41562291979789734
0153.jpg,4032,3024,0.009058823809027672,0.5559922456741333,61.36910136377192,0.4228194057941437
0154.jpg,4032,3024,0.000894117692951113,0.4426235556602478,494.48755079453196,0.4332181215286255
0155.jpg,4032,3024,0.007843137718737125,0.43510979413986206,55.469550604717476,0.39074942469596863
0156.jpg,4032,3024,0.042007844895124435,0.5843137502670288,13.90932675549107,0.3561283349990845
0157.jpg,4032,3024,0.0,0.3018745183944702,301875.5183944702,0.325429767370224
0158.jpg,4032,3024,0.0,0.3127019703388214,312702.9703388214,0.33630406856536865
0159.jpg,4032,3024,0.0,0.22404314577579498,224044.14577579498,0.23613952100276947
0160.jpg,4032,3024,0.010635294951498508,0.5686941146850586,53.467407332939494,0.42888474464416504
0161.jpg,4032,3024,0.000894117692951113,0.42307841777801514,472.65227925856857,0.4347659945487976
0162.jpg,4032,3024,0.004815686494112015,0.3610196113586426,74.95206752608027,0.31518086791038513
0163.jpg,4032,3024,0.05438823625445366,0.5683059096336365,10.448885639336417,0.3906036615371704
0164.jpg,4032,3024,0.11713334172964096,0.6953137516975403,5.936045240279779,0.45424678921699524
0165.jpg,4032,3024,0.09360392391681671,0.6171294450759888,6.592927158665394,0.3803560435771942
0166.jpg,4032,3024,0.008737255819141865,0.5810078978538513,66.49025959861507,0.47166720032691956
0167.jpg,4032,3024,0.020588235929608345,0.3575725555419922,17.367014335281066,0.30701813101768494
0168.jpg,4032,3024,0.007329412270337343,0.42403531074523926,57.846174963597946,0.34015071392059326
0169.jpg,4032,3024,0.003921568859368563,0.48875296115875244,124.60047960443703,0.38678234815597534
0170.jpg,4032,3024,0.000894117692951113,0.4302588403224945,480.6740428780612,0.38687145709991455
0171.jpg,4032,3024,0.007843137718737125,0.5527059435844421,70.46114734372942,0.4270189702510834
0172.jpg,4032,3024,0.004815686494112015,0.5722039937973022,118.79639550898189,0.47928789258003235
0173.jpg,4032,3024,0.06647451221942902,0.43689805269241333,6.572330744143095,0.311594694852829
0174.jpg,4032,3024,0.03953725844621658,0.4505843222141266,11.396185363780054,0.3600166440010071
0175.jpg,4032,3024,0.0,0.2868470847606659,286848.0847606659,0.284252405166626
0176.jpg,4032,3024,0.003921568859368563,0.46181178092956543,117.73223045570853,0.3807039260864258
0177.jpg,4032,3024,0.0067137256264686584,0.3408549129962921,50.762448379525466,0.2312277853488922
0178.jpg,4032,3024,0.01265882421284914,0.3132117986679077,24.740690976578577,0.3078482151031494
0179.jpg,4032,3024,0.008737255819141865,0.4390313923358917,50.24256572737952,0.40251192450523376
0180.jpg,4032,3024,0.004815686494112015,0.3953372836112976,82.07681444382246,0.38376516103744507
0181.jpg,4032,3024,0.02240000106394291,0.5585490465164185,24.93415561751263,0.4911351203918457
0182.jpg,4032,3024,0.01265882421284914,0.3966509699821472,31.33155431807368,0.3752410113811493
0183.jpg,4032,3024,0.0313725508749485,0.5929176807403564,18.898679435543162,0.4369385838508606
0184.jpg,4032,3024,0.0,0.3321568965911865,332157.8965911865,0.3623771369457245
0185.jpg,4032,3024,0.0,0.3463137447834015,346314.7447834015,0.35060223937034607
0186.jpg,4032,3024,0.0011725490912795067,0.39270591735839844,334.63186182542626,0.3769165873527527
0187.jpg,4032,3024,0.02442353032529354,0.5644274950027466,23.109082855862987,0.44173213839530945
0188.jpg,4032,3024,0.004815686494112015,0.34860000014305115,72.37361214378097,0.3013238310813904
0189.jpg,4032,3024,0.000894117692951113,0.19275686144828796,215.3435944415138,0.26008832454681396
0190.jpg,4032,3024,0.008737255819141865,0.5796000361442566,66.32914487060371,0.46781474351882935
0191.jpg,4032,3024,0.003921568859368563,0.250776469707489,63.93194834771059,0.28883862495422363
0192.jpg,4032,3024,0.0036862746346741915,0.22817647457122803,61.88241917906119,0.30580270290374756
0193.jpg,4032,3024,0.000894117692951113,0.3070000112056732,342.9727885207159,0.31476423144340515
0194.jpg,4032,3024,0.0,0.2827411890029907,282742.1890029907,0.274664968252182
0195.jpg,4032,3024,0.044199999421834946,0.5375333428382874,12.161135491718081,0.3967418670654297
0196.jpg,4032,3024,0.003921568859368563,0.3567117601633072,90.93855913105097,0.33266937732696533
0197.jpg,4032,3024,0.007843137718737125,0.47368237376213074,60.386927250225774,0.4630584716796875
0198.jpg,4032,3024,0.01568627543747425,0.5419843792915344,34.549363364706586,0.5001814961433411
0199.jpg,4032,3024,0.0117647061124444,0.43184706568717957,36.70396502853498,0.4130605459213257
0200.jpg,4032,3024,0.007843137718737125,0.4782470762729645,60.96885259046172,0.4523979425430298
0201.jpg,4032,3024,0.01568627543747425,0.45953336358070374,29.29344648867156,0.42318084836006165
0202.jpg,4032,3024,0.012043138034641743,0.39762747287750244,33.014273975757376,0.402677059173584
0203.jpg,4032,3024,0.003921568859368563,0.5287922024726868,134.80788264805872,0.5019663572311401
0204.jpg,4032,3024,0.007843137718737125,0.40923139452934265,52.170475481558405,0.3880845010280609
0205.jpg,4032,3024,0.0117647061124444,0.4701686203479767,39.961020261307205,0.4377349019050598
0206.jpg,4032,3024,0.0235294122248888,0.5016705989837646,21.32013643403714,0.48180991411209106
0207.jpg,4032,3024,0.016007842496037483,0.5308902263641357,33.16237426257034,0.4770587384700775
0208.jpg,4032,3024,0.012043138034641743,0.45485883951187134,37.76607659291089,0.47199565172195435
0209.jpg,4032,3024,0.0,0.29354509711265564,293546.09711265564,0.3626520335674286
0210.jpg,4032,3024,0.022956864908337593,0.48576080799102783,21.158840768969505,0.42026183009147644
0211.jpg,4032,3024,0.007843137718737125,0.09539999812841415,12.162075877445627,0.15365521609783173
0212.jpg,4032,3024,0.0,0.3564431369304657,356444.1369304657,0.3242250084877014
0213.jpg,4032,3024,0.003921568859368563,0.5457451343536377,139.12977793880958,0.48249170184135437
0214.jpg,4032,3024,0.0117647061124444,0.5758706331253052,48.94492753955625,0.5221026539802551
0215.jpg,4032,3024,0.040345098823308945,0.5646745562553406,13.995790738734657,0.4569399356842041
0216.jpg,4032,3024,0.007843137718737125,0.6679490804672241,85.15277324513389,0.5827732682228088
0217.jpg,4032,3024,0.018478430807590485,0.5209529399871826,28.19101656384347,0.49935001134872437
0218.jpg,4032,3024,0.01568627543747425,0.48514512181282043,30.926091898271146,0.4710911214351654
0219.jpg,4032,3024,0.01568627543747425,0.53387451171875,34.032392294420454,0.5014668703079224
0220.jpg,4032,3024,0.007843137718737125,0.6426313519477844,81.92517456861349,0.6149328947067261
0221.jpg,4032,3024,0.003921568859368563,0.49391767382621765,125.91714550696922,0.4554302990436554
0222.jpg,4032,3024,0.0235294122248888,0.691478431224823,29.38662632069935,0.5716150999069214
0223.jpg,4032,3024,0.014556863345205784,0.5329137444496155,36.60665935740603,0.4784475564956665
0224.jpg,4032,3024,0.007843137718737125,0.36857256293296814,46.98713563538849,0.378297358751297
0225.jpg,4032,3024,0.01568627543747425,0.48659610748291016,31.01858633274914,0.45486894249916077
0226.jpg,4032,3024,0.02012156881392002,0.4507215917110443,22.3988595034274,0.4037266969680786
0227.jpg,4032,3024,0.0117647061124444,0.5065921545028687,43.05675746626488,0.47672468423843384
0228.jpg,4032,3024,0.0117647061124444,0.5056980848312378,42.98076800476666,0.4782731235027313
0229.jpg,4032,3024,0.01568627543747425,0.5847019553184509,37.272435079561,0.5234900712966919
0230.jpg,4032,3024,0.014556863345205784,0.5084902048110962,34.928972250488485,0.43279075622558594
0231.jpg,4032,3024,0.0313725508749485,0.6268784999847412,19.98114598132081,0.5456469058990479
0232.jpg,4032,3024,0.026556862518191338,0.5876196622848511,22.126052572278684,0.5367483496665955
0233.jpg,4032,3024,0.007843137718737125,0.3517058789730072,44.83690771171603,0.3634575605392456
0234.jpg,4032,3024,0.01568627543747425,0.4592117667198181,29.272945996908827,0.4466274678707123
0235.jpg,4032,3024,0.0117647061124444,0.5056823492050171,42.97943059024429,0.46848154067993164
0236.jpg,4032,3024,0.026321569457650185,0.5013450980186462,19.046244661838625,0.46710318326950073
0237.jpg,4032,3024,0.01568627543747425,0.4756392240524292,30.320129581979863,0.45319628715515137
0238.jpg,4032,3024,0.0117647061124444,0.4250117838382721,36.12301546345296,0.4283883273601532
0239.jpg,4032,3024,0.012980392202734947,0.4390588402748108,33.822245982392296,0.4357260763645172
0240.jpg,4032,3024,0.0117647061124444,0.4702000021934509,39.963687491405786,0.45116135478019714
0241.jpg,4032,3024,0.007843137718737125,0.43773335218429565,55.80401159182722,0.43111294507980347
0242.jpg,4032,3024,0.01568627543747425,0.5032432079315186,32.07977127305059,0.4503489136695862
0243.jpg,4032,3024,0.06302352994680405,0.5527412295341492,8.770271353085729,0.42746075987815857
0244.jpg,4032,3024,0.020501961931586266,0.477117657661438,23.27071860414484,0.454921692609787
0245.jpg,4032,3024,0.019607843831181526,0.46351373195648193,23.63804495293147,0.39989179372787476
0246.jpg,4032,3024,0.015964707359671593,0.5018039345741272,31.430172385700615,0.43087247014045715
0247.jpg,4032,3024,0.007564706262201071,0.38505488634109497,50.89490299998399,0.40919727087020874
0248.jpg,4032,3024,0.0117647061124444,0.4036431312561035,34.30683440487907,0.42767533659935
0249.jpg,4032,3024,0.015407843515276909,0.49818041920661926,32.330876662658255,0.4815152585506439
0250.jpg,4032,3024,0.0,0.4320392310619354,432040.2310619354,0.4138338267803192
0251.jpg,4032,3024,0.01568627543747425,0.4782784581184387,30.48837001841058,0.43088996410369873
0252.jpg,4032,3024,0.007843137718737125,0.5333059430122375,67.98796274807091,0.4425675868988037
0253.jpg,4032,3024,0.010870588943362236,0.5454118251800537,50.168639379348626,0.5047173500061035
0254.jpg,4032,3024,0.003921568859368563,0.48991766571998596,124.89740353438965,0.530888557434082
0255.jpg,4032,3024,0.003921568859368563,0.49379608035087585,125.88614707718988,0.4357486069202423
0256.jpg,4032,3024,0.0027921569999307394,0.48296862840652466,172.91173694085245,0.45582759380340576
0257.jpg,4032,3024,0.0117647061124444,0.34095296263694763,28.978623074421858,0.3961831033229828
0258.jpg,4032,3024,0.007843137718737125,0.4466392397880554,56.93936743629263,0.46173015236854553
0259.jpg,4032,3024,0.003921568859368563,0.4046313762664795,103.15494533641287,0.39047837257385254
0260.jpg,4032,3024,0.018478430807590485,0.5334863066673279,28.869249936431824,0.4554464519023895
0261.jpg,4032,3024,0.003921568859368563,0.4853804111480713,123.74069864670412,0.4765644669532776
0262.jpg,4032,3024,0.0,0.4623921811580658,462393.1811580658,0.4774304926395416
0263.jpg,4032,3024,0.0,0.3623882532119751,362389.2532119751,0.3804238438606262
0264.jpg,4032,3024,0.0,0.45424315333366394,454244.15333366394,0.4731181561946869
0265.jpg,4032,3024,0.0,0.43960392475128174,439604.92475128174,0.47680559754371643
0266.jpg,4032,3024,0.0,0.42709803581237793,427099.03581237793,0.4322006404399872
0267.jpg,4032,3024,0.012043138034641743,0.39154118299484253,32.50894184944378,0.3903982937335968
0268.jpg,4032,3024,0.004647059366106987,0.4831843376159668,103.95420960826966,0.47798487544059753
0269.jpg,4032,3024,0.004647059366106987,0.4797137379646301,103.20753247315307,0.4539475739002228
0270.jpg,4032,3024,0.003921568859368563,0.5649843215942383,144.03451968595576,0.5155216455459595
0271.jpg,4032,3024,0.003921568859368563,0.4868745505809784,124.12160704792659,0.5058079957962036
0272.jpg,4032,3024,0.01568627543747425,0.4856078624725342,30.955589733096456,0.43951842188835144
0273.jpg,4032,3024,0.01568627543747425,0.513447105884552,32.73022826245603,0.4809858798980713
0274.jpg,4032,3024,0.0117647061124444,0.5915569067001343,50.27814744365006,0.506019651889801
0275.jpg,4032,3024,0.018713727593421936,0.4810706079006195,25.705509497755763,0.4227991998195648
0276.jpg,4032,3024,0.01568627543747425,0.579466700553894,36.938708883101754,0.5138702988624573
0277.jpg,4032,3024,0.012043138034641743,0.41696861386299133,34.620129117060074,0.40567636489868164
0278.jpg,4032,3024,0.01568627543747425,0.5106980800628662,32.55498904818694,0.4782122075557709
0279.jpg,4032,3024,0.02442353032529354,0.5219882726669312,21.37151731128151,0.4268445372581482
0280.jpg,4032,3024,0.0117647061124444,0.3487725555896759,29.643231970649314,0.3860110342502594
0281.jpg,4032,3024,0.01899215765297413,0.47935688495635986,25.238451326248924,0.45768195390701294
0282.jpg,4032,3024,0.009337254799902439,0.3400156795978546,36.41115892462122,0.3597261309623718
0283.jpg,4032,3024,0.0117647061124444,0.5251372456550598,44.63295620648127,0.45415017008781433
0284.jpg,4032,3024,0.008164705708622932,0.3887333273887634,47.60572340713461,0.3812321722507477
0285.jpg,4032,3024,0.012043138034641743,0.4580196440219879,38.028511687977506,0.4294603765010834
0286.jpg,4032,3024,0.007843137718737125,0.39643532037734985,50.53918411330169,0.36218950152397156
0287.jpg,4032,3024,0.003921568859368563,0.42717257142066956,108.90148439342731,0.39660173654556274
0288.jpg,4032,3024,0.003921568859368563,0.41173335909843445,104.96548916281192,0.4107830822467804
0289.jpg,4032,3024,0.007843137718737125,0.4320274591445923,55.07660301687655,0.4239788353443146
0290.jpg,4032,3024,0.0,0.2670784592628479,267079.4592628479,0.3045453727245331
0291.jpg,4032,3024,0.02442353032529354,0.29524707794189453,12.088178319488161,0.27358847856521606
0292.jpg,4032,3024,0.007843137718737125,0.3015725612640381,38.44572495759167,0.318454384803772
0293.jpg,4032,3024,0.019607843831181526,0.31353336572647095,15.98943662491186,0.3302876353263855
0294.jpg,4032,3024,0.010635294951498508,0.3769294321537018,35.43813272126282,0.3925842046737671
0295.jpg,4032,3024,0.01658039353787899,0.2754039466381073,16.609276295684356,0.2773207128047943
0296.jpg,4032,3024,0.01487843319773674,0.5214157104492188,35.042780428526655,0.419472336769104
0297.jpg,4032,3024,0.02679608017206192,0.43589021265506744,16.266369688646844,0.3819396197795868
0298.jpg,4032,3024,0.018478430807590485,0.39327454566955566,21.281799735304425,0.3726111650466919
0299.jpg,4032,3024,0.007843137718737125,0.5287961363792419,67.41303573955815,0.46315503120422363
0300.jpg,4032,3024,0.057694122195243835,0.4689745157957077,8.128512393277646,0.3396264910697937
0301.jpg,4032,3024,0.017415687441825867,0.4123646914958954,23.676470791202604,0.39384543895721436
0302.jpg,4032,3024,0.003921568859368563,0.28560394048690796,72.8106887925693,0.3487911820411682
0303.jpg,4032,3024,0.04313725605607033,0.40121570229530334,9.300716787758157,0.30107206106185913
0304.jpg,4032,3024,0.023850983008742332,0.4311882555484772,18.07771099746448,0.38347792625427246
0305.jpg,4032,3024,0.007843137718737125,0.3424588441848755,43.658061148881785,0.352341890335083
0306.jpg,4032,3024,0.010956862941384315,0.345960795879364,31.57201342360086,0.38994041085243225
0307.jpg,4032,3024,0.01568627543747425,0.38067060708999634,24.266266542412847,0.35641759634017944
0308.jpg,4032,3024,0.014964706264436245,0.48260003328323364,32.24712718236777,0.47428086400032043
0309.jpg,4032,3024,0.027450980618596077,0.5407372713088989,19.6976050224442,0.45622050762176514
0310.jpg,4032,3024,0.010956862941384315,0.42707061767578125,38.97398789894236,0.42475518584251404
0311.jpg,4032,3024,0.030800001695752144,0.5212470889091492,16.923088867627186,0.4840880036354065
0312.jpg,4032,3024,0.007843137718737125,0.34056079387664795,43.41609060013763,0.35044217109680176
0313.jpg,4032,3024,0.023682354018092155,0.44710588455200195,18.87852895373048,0.3936076760292053
0314.jpg,4032,3024,0.003921568859368563,0.3964666724205017,101.07347675327317,0.3822278380393982
0315.jpg,4032,3024,0.026321569457650185,0.569270670413971,21.626751572632752,0.46358612179756165
0316.jpg,4032,3024,0.003921568859368563,0.18722745776176453,47.73108248044974,0.247671440243721
0317.jpg,4032,3024,0.027450980618596077,0.40783530473709106,14.856352640028499,0.40182259678840637
0318.jpg,4032,3024,0.03832157328724861,0.5925451517105103,15.462065850042306,0.5335334539413452
0319.jpg,4032,3024,0.01568627543747425,0.5876627564430237,37.46117410797762,0.5376259684562683
0320.jpg,4032,3024,0.05125882476568222,0.6556784510612488,12.791293260530566,0.5222144722938538
0321.jpg,4032,3024,0.008164705708622932,0.2980667054653168,36.50238155785595,0.38805681467056274
0322.jpg,4032,3024,0.022956864908337593,0.4143725633621216,18.049307503836463,0.4030085504055023
0323.jpg,4032,3024,0.003921568859368563,0.4001215696334839,102.00523788839077,0.39870011806488037
0324.jpg,4032,3024,0.0387960784137249,0.4543294310569763,11.710428971276658,0.4163249433040619
0325.jpg,4032,3024,0.006949020083993673,0.3376235365867615,48.578929629905915,0.3577970862388611
0326.jpg,4032,3024,0.043709807097911835,0.412156879901886,9.429198572761555,0.4042859673500061
0327.jpg,4032,3024,0.01568627543747425,0.5642000436782837,35.96552160552385,0.4915659725666046
0328.jpg,4032,3024,0.003921568859368563,0.5888078808784485,150.10797821232697,0.5575718879699707
0329.jpg,4032,3024,0.0,0.5934392809867859,593440.2809867859,0.5496881604194641
0330.jpg,4032,3024,0.003921568859368563,0.40652942657470703,103.63882474714501,0.4601810872554779
0331.jpg,4032,3024,0.003921568859368563,0.35612159967422485,90.78810658063293,0.39337244629859924
0332.jpg,4032,3024,0.0117647061124444,0.5334000587463379,45.33523561175543,0.47522056102752686
0333.jpg,4032,3024,0.007843137718737125,0.5051804184913635,64.40241574094848,0.4916720986366272
0334.jpg,4032,3024,0.003921568859368563,0.5175294280052185,131.9366075038204,0.4892269968986511
0335.jpg,4032,3024,0.010870588943362236,0.43428629636764526,39.94699382308821,0.419998437166214
0336.jpg,4032,3024,0.023807844147086143,0.47122353315353394,19.791995371232876,0.43078818917274475
0337.jpg,4032,3024,0.003921568859368563,0.5916078686714172,150.82179303454006,0.5301159024238586
0338.jpg,4032,3024,0.04313725605607033,0.545486330986023,12.645094652806742,0.39445608854293823
0339.jpg,4032,3024,0.0,0.45840394496917725,458404.94496917725,0.47225624322891235
0340.jpg,4032,3024,0.05792941525578499,0.5052117705345154,8.721027948855664,0.42817220091819763
0341.jpg,4032,3024,0.031650982797145844,0.38774120807647705,12.250171199746795,0.3280583620071411
0342.jpg,4032,3024,0.008121568709611893,0.48983922600746155,60.30607354885235,0.45673221349716187
0343.jpg,4032,3024,0.018713727593421936,0.6829686164855957,36.493697975366395,0.57124263048172
0344.jpg,4032,3024,0.014792158268392086,0.5140392780303955,34.7485147325655,0.456487774848938
0345.jpg,4032,3024,0.010870588943362236,0.5579177141189575,51.31896699052449,0.5412099957466125
0346.jpg,4032,3024,0.03580784425139427,0.5657608509063721,15.799500451186534,0.517620325088501
0347.jpg,4032,3024,0.007843137718737125,0.616588294506073,78.6051082495963,0.5395327806472778
0348.jpg,4032,3024,0.01568627543747425,0.596811830997467,38.04439039629418,0.5323817133903503
0349.jpg,4032,3024,0.015964707359671593,0.5801961421966553,36.34020899457283,0.5680012106895447
